{
    "parent": "architects_palette:block/hazard_sign",
    "gui_light": "front",
    "display": {
        "gui": {
		  "rotation": [0, 0, 0],
		  "translation": [0, 0, 0],
		  "scale": [1, 1, 1]
		},
		"thirdperson_righthand": {
			"rotation": [0, 180, 0],
			"translation": [0, 2.25, -5],
			"scale": [0.75, 0.75, 0.75]
		},
		"thirdperson_lefthand": {
			"rotation": [0, 180, 0],
			"translation": [0, 2.25, -5],
			"scale": [0.75, 0.75, 0.75]
		},
		"firstperson_righthand": {
			"translation": [6, -4, 0]
		},
		"firstperson_lefthand": {
			"translation": [6, -4, 0]
		},
		"ground": {
			"rotation": [-90, 0, 0],
			"translation": [0, 2.75, 0],
			"scale": [0.8, 0.8, 0.8]
		},
		"head": {
			"rotation": [0, 180, 0],
			"translation": [0, 0, -13]
		},
		"fixed": {
			"rotation": [180, 0, 180],
			"translation": [0, 0, -6.5],
			"scale": [1.4, 1.4, 1]
		}
	}
  }