{
	"parent": "species:block/wraptor_egg_template",
	"textures": {
		"egg": "species:block/wraptor_egg_0"
	},
	"display": {
		"gui": {
		  "rotation": [30, 45, 0],
		  "translation": [0, 0, 0],
		  "scale": [0.75, 0.75, 0.75]
		},
		"thirdperson_righthand": {
		  "rotation": [75, 45, 0],
		  "translation": [0, 1.5, 2],
		  "scale": [0.375, 0.375, 0.375]
		},
		"thirdperson_lefthand": {
		  "rotation": [75, 225, 0],
		  "translation": [0, 1.5, 2],
		  "scale": [0.375, 0.375, 0.375]
		},
		"firstperson_righthand": {
		  "rotation": [0, 45, 0],
		  "scale": [0.5, 0.5, 0.5]
		},
		"firstperson_lefthand": {
		  "rotation": [0, 225, 0],
		  "scale": [0.5, 0.5, 0.5]
		},
		"ground": {
		  "translation": [0, 3, 0],
		  "scale": [0.35, 0.35, 0.35]   
		},
		"head": {
		 "translation": [0, 14.5, 0]
		},
		"fixed": {
		  "rotation": [0, 90, 0],
		  "translation": [0, 3.5, 0],
		  "scale": [0.75, 0.75, 0.75]
		}
	  }
}