{
  "parent": "supplementaries:block/faucet_model",
	"display": {
		"thirdperson_righthand": {
			"rotation": [75, 0, 0],
			"translation": [0, 2.25, -1.5],
			"scale": [0.375, 0.375, 0.375]
		},
		"thirdperson_lefthand": {
			"rotation": [75, 0, 0],
			"translation": [0, 2.25, -1.5],
			"scale": [0.375, 0.375, 0.375]
		},
		"firstperson_righthand": {
			"rotation": [0, 45, 0],
			"translation": [0, 1.5, 0],
			"scale": [0.5, 0.5, 0.5]
		},
		"firstperson_lefthand": {
			"rotation": [0, 45, 0],
			"translation": [0, 1.5, 0],
			"scale": [0.5, 0.5, 0.5]
		},
		"ground": {
			"rotation": [ 0, 0, 0 ],
			"translation": [ 0, 1, 0 ],
			"scale":[ 0.25, 0.25, 0.25 ]
		},
		"gui": {
			"translation": [-2, -1.5, 0],
			"rotation": [30, 135, 0],
			"scale": [0.85, 0.85, 0.85]
		},
		"fixed": {
			"rotation": [0, 270, 0],
			"translation": [1, -1, 0],
			"scale": [0.75, 0.75, 0.75]
		}
	}
}