{
    "parent": "supplementaries:block/hourglass",
    "display": {
		"gui": {
		  "rotation": [120, 0, 45],
		  "translation": [0, 0, 0],
		  "scale": [0.625, 0.625, 0.625]
		},
		"thirdperson_righthand": {
		  "rotation": [165, 0, 45],
		  "translation": [0, 1, 0],
		  "scale": [0.4, 0.4, 0.4]
		},
		"thirdperson_lefthand": {
		  "rotation": [165, 0, 45],
		  "translation": [0, 1, 0],
		  "scale": [0.4, 0.4, 0.4]
		},
		"firstperson_righthand": {
		  "rotation": [90, 0, 45],
          "translation": [0, 0, 0],
		  "scale": [0.625, 0.625, 0.625]
		},
		"firstperson_lefthand": {
		  "rotation": [90, 0, 45],
          "translation": [0, 0, 0],
		  "scale": [0.625, 0.625, 0.625]
		},
		"ground": {
          "rotation": [90, 0, 0],
		  "translation": [0, 3, 0],
		  "scale": [0.25, 0.25, 0.25]   
		},
		"head": {
		 "translation": [0, 14.5, 0]
		},
		"fixed": {
		  "rotation": [90, 0, 0],
		  "translation": [0, 0, 0],
		  "scale": [0.75, 0.75, 0.75]
		}
	  }
}