{
    "parent": "supplementaries:block/sconce_wall",
	"gui_light": "front",
    "display": {
		"gui": {
		  "rotation": [30, 225, 0],
		  "translation": [2.875, -1.125, 0],
		  "scale": [1, 1, 1]
		},
		"thirdperson_righthand": {
		  "rotation": [0, 180, 0],
		  "translation": [0, 1, 2.5],
		  "scale": [0.625, 0.625, 0.625]
		},
		"thirdperson_lefthand": {
		  "rotation": [0, 180, 0],
		  "translation": [0, 1, 2.5],
		  "scale": [0.625, 0.625, 0.625]
		},
		"firstperson_righthand": {
		  "rotation": [0, 135, 0],
          "translation": [-2, 2, 2],
		  "scale": [0.625, 0.625, 0.625]
		},
		"firstperson_lefthand": {
		  "rotation": [0, 135, 0],
          "translation": [-2, 2, 2],
		  "scale": [0.625, 0.625, 0.625]
		},
		"ground": {
		  "translation": [0, 2, -2],
		  "scale": [0.4, 0.4, 0.4]   
		},
		"head": {
		 "translation": [0, 14.5, 0]
		},
		"fixed": {
		  "rotation": [0, 0, 0],
		  "translation": [0, 1.5, -4.5],
		  "scale": [0.75, 0.75, 0.75]
		}
	  }
}