{
    "parent": "upgrade_aquatic:block/tooth_lantern_floor",
	"gui_light": "front",
	"display": {
		"gui": {
		  "rotation": [30, 45, 0],
		  "translation": [0, 0, 0],
		  "scale": [0.75, 0.75, 0.75]
		},
        "thirdperson_righthand": {
          "rotation": [75, 45, 0],
          "translation": [0, 2.5, 0],
          "scale": [0.5, 0.5, 0.5]
        },
        "thirdperson_lefthand": {
          "rotation": [75, 225, 0],
          "translation": [0, 2.5, 0],
          "scale": [0.5, 0.5, 0.5]
        },
        "firstperson_righthand": {
          "rotation": [0, 45, 0],
          "scale": [0.4, 0.4, 0.4]
        },
        "firstperson_lefthand": {
          "rotation": [0, 225, 0],
          "scale": [0.4, 0.4, 0.4]
        },
        "ground": {
          "translation": [0, 3, 0],
          "scale": [0.25, 0.25, 0.25]   
        },
        "head": {
         "translation": [0, 14.5, 0]
        },
        "fixed": {
          "rotation": [0, 90, 0],
          "translation": [0, 0, 0],
          "scale": [0.5, 0.5, 0.5]
        }
      }
}