{
    "credit": "Based on Create diodes",
    "parent": "block/block",
    "textures": {
		"slab": "minecraft:block/smooth_stone",
		"top": "quark:block/randomizer_off",
		"unlit": "minecraft:block/redstone_torch_off"
    },
	"elements": [
		{
			"from": [0, 0, 0],
			"to": [16, 2, 16],
			"faces": {
				"north": {"uv": [0, 14, 16, 16], "texture": "#slab", "cullface": "north"},
				"east": {"uv": [0, 14, 16, 16], "texture": "#slab", "cullface": "east"},
				"south": {"uv": [0, 14, 16, 16], "texture": "#slab", "cullface": "south"},
				"west": {"uv": [0, 14, 16, 16], "texture": "#slab", "cullface": "west"},
				"up": {"uv": [0, 0, 16, 16], "texture": "#top"},
				"down": {"uv": [0, 0, 16, 16], "texture": "#slab", "cullface": "down"}
			}
		},
		{
			"from": [7, 2, 12],
			"to": [9, 7, 14],
			"faces": {
				"north": {"uv": [7, 6, 9, 11], "texture": "#unlit"},
				"east": {"uv": [7, 6, 9, 11], "texture": "#unlit"},
				"south": {"uv": [7, 6, 9, 11], "texture": "#unlit"},
				"west": {"uv": [7, 6, 9, 11], "texture": "#unlit"},
				"up": {"uv": [7, 6, 9, 8], "texture": "#unlit"}
			}
		},
		{
			"from": [2, 2, 7],
			"to": [4, 7, 9],
			"faces": {
				"north": {"uv": [7, 6, 9, 11], "texture": "#unlit"},
				"east": {"uv": [7, 6, 9, 11], "texture": "#unlit"},
				"south": {"uv": [7, 6, 9, 11], "texture": "#unlit"},
				"west": {"uv": [7, 6, 9, 11], "texture": "#unlit"},
				"up": {"uv": [7, 6, 9, 8], "texture": "#unlit"}
			}
		},
		{
			"from": [12, 2, 7],
			"to": [14, 7, 9],
			"faces": {
				"north": {"uv": [7, 6, 9, 11], "texture": "#unlit"},
				"east": {"uv": [7, 6, 9, 11], "texture": "#unlit"},
				"south": {"uv": [7, 6, 9, 11], "texture": "#unlit"},
				"west": {"uv": [7, 6, 9, 11], "texture": "#unlit"},
				"up": {"uv": [7, 6, 9, 8], "texture": "#unlit"}
			}
		},
		{
			"from": [6, 2, 6],
			"to": [10, 4, 10],
			"faces": {
				"north": {"uv": [6, 6, 10, 8], "texture": "#top"},
				"east": {"uv": [6, 6, 10, 8], "texture": "#top"},
				"south": {"uv": [6, 6, 10, 8], "texture": "#top"},
				"west": {"uv": [6, 6, 10, 8], "texture": "#top"},
				"up": {"uv": [6, 6, 10, 10], "texture": "#top"}
			}
		}
	],
     "display": {
		"gui": {
			"rotation": [30, 45, 0],
			"translation": [0, 2.5, 0],
			"scale": [0.625, 0.625, 0.625]
		},
		"fixed": {
			"rotation": [270, 0, 0],
			"translation": [0, 0, -3],
			"scale": [0.5, 0.5, 0.5]
		}
	}
}
