{
	"credit": "Based on Create diodes",
	"parent": "block/block",
	"textures": {
		"4": "block/smooth_stone",
		"top": "block/comparator",
		"torch": "block/redstone_torch_off"
	},
	"elements": [
		{
			"name": "circuit",
			"from": [0, 0, 0],
			"to": [16, 2, 16],
			"faces": {
				"north": {"uv": [0, 14, 16, 16], "texture": "#4"},
				"east": {"uv": [0, 0, 2, 16], "rotation": 270, "texture": "#4"},
				"south": {"uv": [0, 0, 16, 2], "rotation": 180, "texture": "#4"},
				"west": {"uv": [14, 0, 16, 16], "rotation": 90, "texture": "#4"},
				"up": {"uv": [0, 0, 16, 16], "texture": "#top"},
				"down": {"uv": [0, 0, 16, 16], "texture": "#4"}
			}
		},
		{   "from": [ 4, 2, 11 ],
		"to": [ 6, 7, 13 ],
		"faces": {
			"down":  { "uv": [ 7, 13, 9, 15 ], "texture": "#torch" },
			"up":    { "uv": [ 7,  6, 9,  8 ], "texture": "#torch" },
			"north": { "uv": [ 7,  6, 9, 11 ], "texture": "#torch" },
			"south": { "uv": [ 7,  6, 9, 11 ], "texture": "#torch" },
			"west":  { "uv": [ 7,  6, 9, 11 ], "texture": "#torch" },
			"east":  { "uv": [ 7,  6, 9, 11 ], "texture": "#torch" }
		}
	},
	{   "from": [ 10, 2, 11 ],
		"to": [ 12, 7, 13 ],
		"faces": {
			"down":  { "uv": [ 7, 13, 9, 15 ], "texture": "#torch" },
			"up":    { "uv": [ 7,  6, 9,  8 ], "texture": "#torch" },
			"north": { "uv": [ 7,  6, 9, 11 ], "texture": "#torch" },
			"south": { "uv": [ 7,  6, 9, 11 ], "texture": "#torch" },
			"west":  { "uv": [ 7,  6, 9, 11 ], "texture": "#torch" },
			"east":  { "uv": [ 7,  6, 9, 11 ], "texture": "#torch" }
		}
	},
	{   "from": [ 7, 2, 2 ],
		"to": [ 9, 4, 4 ],
		"faces": {
			"down":  { "uv": [ 7, 13, 9, 15 ], "texture": "#torch" },
			"up":    { "uv": [ 7,  6, 9,  8 ], "texture": "#torch" },
			"north": { "uv": [ 7,  6, 9,  8 ], "texture": "#torch" },
			"south": { "uv": [ 7,  6, 9,  8 ], "texture": "#torch" },
			"west":  { "uv": [ 7,  6, 9,  8 ], "texture": "#torch" },
			"east":  { "uv": [ 7,  6, 9,  8 ], "texture": "#torch" }
		}
	}
	],
	"display": {
		"gui": {
			"rotation": [30, 45, 0],
			"translation": [0, 2.5, 0],
			"scale": [0.625, 0.625, 0.625]
		},
		"fixed": {
			"rotation": [270, 0, 0],
			"translation": [0, 0, -3],
			"scale": [0.5, 0.5, 0.5]
		}
	}
}